{
  "accuracy": 0.6153846153846154,
  "precision": 0.5743589743589743,
  "recall": 0.6153846153846154,
  "f1": 0.5806824754193175
}