{
  "accuracy": 0.5666666666666667,
  "precision": 0.5650184711565786,
  "recall": 0.5666666666666667,
  "f1": 0.5656862745098039
}